Path;SteerAngle;Throttle;Brake;Speed;X_Position;Y_Position;Pitch;Yaw;Roll
IMG/robocam_2018_02_19_17_06_32_877.jpg;0;0;1;0;99.66999;85.58897;0.0002320645;56.34417;1.673441E-06
IMG/robocam_2018_02_19_17_06_32_939.jpg;0;0;0;0;99.66999;85.58897;0.0002320182;56.34417;1.826671E-06
IMG/robocam_2018_02_19_17_06_32_997.jpg;0;0;0;0;99.66999;85.58897;0.0002319718;56.34417;1.979895E-06
IMG/robocam_2018_02_19_17_06_33_104.jpg;0;0;0;0;99.66999;85.58897;0.0002319564;56.34417;2.030976E-06
IMG/robocam_2018_02_19_17_06_33_174.jpg;0;0;0;0;99.66999;85.58897;0.0002322628;56.34417;2.12366E-06
IMG/robocam_2018_02_19_17_06_33_219.jpg;0;0;0;0;99.66999;85.58897;0.0002324671;56.34417;2.18545E-06
IMG/robocam_2018_02_19_17_06_33_309.jpg;0;0;0;0;99.66999;85.58897;0.0002324671;56.34417;2.18545E-06
IMG/robocam_2018_02_19_17_06_33_358.jpg;0;0;0;0;99.66999;85.58897;0.0002326715;56.34417;2.247246E-06
IMG/robocam_2018_02_19_17_06_33_406.jpg;0;0;0;0;99.66999;85.58897;0.0002329933;56.34417;2.28885E-06
IMG/robocam_2018_02_19_17_06_33_472.jpg;2.891579;0;0;0;99.66999;85.58897;0.0002338636;56.86467;-4.058342E-07
IMG/robocam_2018_02_19_17_06_33_558.jpg;4.670398;0;0;0;99.66999;85.58897;0.0002359358;58.24568;-5.624332E-06
IMG/robocam_2018_02_19_17_06_33_609.jpg;1.695356;0;0;0;99.66999;85.58897;0.0002365927;58.5509;-6.673109E-06
IMG/robocam_2018_02_19_17_06_33_659.jpg;-1.353178;0;0;0;99.66999;85.58897;0.0002369659;58.38855;-5.73575E-06
IMG/robocam_2018_02_19_17_06_33_709.jpg;0;0;0;0;99.66999;85.58897;0.0002371267;58.38855;-5.912052E-06
IMG/robocam_2018_02_19_17_06_33_762.jpg;0;0;0;0;99.66999;85.58897;0.0002373611;58.38855;-5.9566E-06
IMG/robocam_2018_02_19_17_06_33_811.jpg;0;0;0;0;99.66999;85.58897;0.0002377128;58.38855;-6.023431E-06
IMG/robocam_2018_02_19_17_06_33_865.jpg;0;0;0;0;99.66999;85.58897;0.0002379327;58.38855;-6.016637E-06
IMG/robocam_2018_02_19_17_06_33_913.jpg;0;0;0;0;99.66999;85.58897;0.0002382407;58.38855;-5.929431E-06
IMG/robocam_2018_02_19_17_06_33_963.jpg;0;0;0;0;99.66999;85.58897;0.0002384316;58.38855;-5.819954E-06
IMG/robocam_2018_02_19_17_06_34_017.jpg;0;0;0;0;99.66999;85.58897;0.0002386961;58.38855;-5.57871E-06
IMG/robocam_2018_02_19_17_06_34_068.jpg;0;0;0;0;99.66999;85.58897;0.000238946;58.38855;-5.286131E-06
IMG/robocam_2018_02_19_17_06_34_117.jpg;0;0;0;0;99.66999;85.58897;0.0002390932;58.38855;-5.022623E-06
IMG/robocam_2018_02_19_17_06_34_167.jpg;0;0;0;0;99.66999;85.58897;0.0002390941;58.38855;-4.634147E-06
IMG/robocam_2018_02_19_17_06_34_218.jpg;0;0;0;0;99.66999;85.58897;0.0002390069;58.38855;-4.326092E-06
IMG/robocam_2018_02_19_17_06_34_268.jpg;0;0;0;0;99.66999;85.58897;0.0002388761;58.38855;-3.863998E-06
IMG/robocam_2018_02_19_17_06_34_327.jpg;0;0;0;0;99.66999;85.58897;0.0002387017;58.38855;-3.247879E-06
IMG/robocam_2018_02_19_17_06_34_397.jpg;0;0;0;0;99.66999;85.58897;0.0002385273;58.38855;-2.63176E-06
IMG/robocam_2018_02_19_17_06_34_462.jpg;0;0;0;0;99.66999;85.58897;0.0002383529;58.38855;-2.015642E-06
IMG/robocam_2018_02_19_17_06_34_529.jpg;0;0;0;0;99.66999;85.58897;0.0002380767;58.38855;-1.04012E-06
IMG/robocam_2018_02_19_17_06_34_593.jpg;0;0;0;0;99.66999;85.58897;0.0002377561;58.38855;-2.990344E-07
IMG/robocam_2018_02_19_17_06_34_655.jpg;0;0;0;0;99.66999;85.58897;0.0002372736;58.38855;2.298842E-07
IMG/robocam_2018_02_19_17_06_34_730.jpg;0;0;0;0;99.66999;85.58897;0.0002366303;58.38855;9.351045E-07
IMG/robocam_2018_02_19_17_06_34_771.jpg;0;0;0;0;99.66999;85.58897;0.0002363087;58.38855;1.287708E-06
IMG/robocam_2018_02_19_17_06_34_818.jpg;0;0;0;0;99.66999;85.58897;0.000235987;58.38855;1.640318E-06
IMG/robocam_2018_02_19_17_06_34_868.jpg;0;0;0;0;99.66999;85.58897;0.0002355481;58.38855;2.015206E-06
IMG/robocam_2018_02_19_17_06_34_921.jpg;0;0;0;0;99.66999;85.58897;0.0002354019;58.38855;2.140166E-06
IMG/robocam_2018_02_19_17_06_34_968.jpg;0;0.1568881;0;0;99.67039;85.58961;0.01643091;58.38788;1.833446E-06
IMG/robocam_2018_02_19_17_06_35_017.jpg;0;0.2999879;0;0.02448989;99.67091;85.59045;0.03720078;58.32121;-1.255481E-05
IMG/robocam_2018_02_19_17_06_35_064.jpg;0;0.4475251;0;0.02353152;99.67161;85.59158;0.06396914;58.30363;3.839816E-05
IMG/robocam_2018_02_19_17_06_35_115.jpg;0;0.5892152;0;0.02072888;99.67435;85.59602;0.1703699;58.21133;0.0003547745
IMG/robocam_2018_02_19_17_06_35_165.jpg;0;0.7416211;0;0.06710374;99.67837;85.60252;0.3192594;58.19756;0.0004826497
IMG/robocam_2018_02_19_17_06_35_212.jpg;0;0.8922479;0;0.0925048;99.68209;85.60848;0.4467656;58.15284;-0.0006284499
IMG/robocam_2018_02_19_17_06_35_263.jpg;0;1;0;0.1262072;99.68653;85.61565;0.5845603;58.17457;-0.0003337495
IMG/robocam_2018_02_19_17_06_35_316.jpg;0;1;0;0.1588745;99.69452;85.62849;0.8080351;58.26096;-0.001599103
IMG/robocam_2018_02_19_17_06_35_366.jpg;0;1;0;0.2129605;99.70469;85.64494;1.069313;58.44838;-0.002150176
IMG/robocam_2018_02_19_17_06_35_417.jpg;0;1;0;0.2609067;99.71213;85.65701;1.233982;58.47189;-0.0009527921
IMG/robocam_2018_02_19_17_06_35_470.jpg;0;1;0;0.2847075;99.72393;85.67514;1.328102;58.61479;359.994
IMG/robocam_2018_02_19_17_06_35_520.jpg;0;1;0;0.3441552;99.73109;85.68631;1.222369;58.6354;0.0004283717
IMG/robocam_2018_02_19_17_06_35_569.jpg;0;1;0;0.4000028;99.74343;85.70617;1.097462;58.4819;0.001813535
IMG/robocam_2018_02_19_17_06_35_622.jpg;0;1;0;0.4503629;99.75262;85.72105;1.046542;58.46018;8.288323E-05
IMG/robocam_2018_02_19_17_06_35_676.jpg;0;1;0;0.4663997;99.76876;85.74718;1.049758;58.46962;-0.000687243
IMG/robocam_2018_02_19_17_06_35_724.jpg;0;1;0;0.5237556;99.78053;85.7663;1.078522;58.55391;-0.001040668
IMG/robocam_2018_02_19_17_06_35_774.jpg;0;1;0;0.5657104;99.79956;85.79719;1.14985;58.57492;-0.0004236904
IMG/robocam_2018_02_19_17_06_35_829.jpg;0;1;0;0.6012837;99.81966;85.8298;1.214185;58.56625;-0.0006355903
IMG/robocam_2018_02_19_17_06_35_879.jpg;0;1;0;0.6392114;99.83389;85.85295;1.244135;58.6491;-0.001931478
IMG/robocam_2018_02_19_17_06_35_930.jpg;0;1;0;0.6676911;99.8561;85.88906;1.234439;58.67519;-0.001200364
IMG/robocam_2018_02_19_17_06_35_978.jpg;0;1;0;0.7212821;99.87214;85.91512;1.233852;58.62419;-0.000253336
IMG/robocam_2018_02_19_17_06_36_040.jpg;0;1;0;0.7758619;99.89704;85.95558;1.205182;58.69144;-0.00206747
IMG/robocam_2018_02_19_17_06_36_081.jpg;0;1;0;0.8161019;99.91441;85.98393;1.187289;58.73022;-0.0006566395
IMG/robocam_2018_02_19_17_06_36_131.jpg;0;1;0;0.8417591;99.94233;86.02959;1.211028;58.81251;-0.0008974631
IMG/robocam_2018_02_19_17_06_36_182.jpg;0;1;0;0.9072487;99.96184;86.06152;1.228871;58.78555;-0.0008062811
IMG/robocam_2018_02_19_17_06_36_240.jpg;0;1;0;0.9405106;99.99235;86.11145;1.244895;58.77725;-0.0009073219
IMG/robocam_2018_02_19_17_06_36_282.jpg;0;1;0;0.9843371;100.0135;86.14598;1.244268;58.77247;-0.000909857
IMG/robocam_2018_02_19_17_06_36_335.jpg;0;1;0;1.016877;100.0463;86.19967;1.229157;58.76481;-0.0009008585
IMG/robocam_2018_02_19_17_06_36_382.jpg;0;1;0;1.07063;100.0689;86.23659;1.213532;58.7608;-0.0004283703
IMG/robocam_2018_02_19_17_06_36_436.jpg;0;1;0;1.094754;100.1043;86.29446;1.220444;58.78697;-0.001258641
IMG/robocam_2018_02_19_17_06_36_483.jpg;0;1;0;1.14219;100.1287;86.3344;1.225864;58.77663;-0.0005776834
IMG/robocam_2018_02_19_17_06_36_534.jpg;0;1;0;1.176848;100.1665;86.39608;1.225382;58.73975;-0.0007505318
IMG/robocam_2018_02_19_17_06_36_584.jpg;0;1;0;1.219375;100.1925;86.43864;1.228718;58.70837;-0.0006471225
IMG/robocam_2018_02_19_17_06_36_635.jpg;0;1;0;1.252427;100.2328;86.50439;1.232786;58.68818;-0.0009049695
IMG/robocam_2018_02_19_17_06_36_694.jpg;0;1;0;1.298381;100.2746;86.57259;1.237775;58.66282;-0.0008788448
IMG/robocam_2018_02_19_17_06_36_734.jpg;0;1;0;1.346335;100.3033;86.61936;1.23867;58.64859;-0.0007588352
IMG/robocam_2018_02_19_17_06_36_784.jpg;0;1;0;1.379899;100.3327;86.66726;1.244523;58.63764;-0.000897341
IMG/robocam_2018_02_19_17_06_36_837.jpg;0;1;0;1.409703;100.3781;86.741;1.246557;58.62409;-0.0008562174
IMG/robocam_2018_02_19_17_06_36_890.jpg;0;0.8415909;0;1.458168;100.4248;86.81687;1.245434;58.61042;-0.0009047869
IMG/robocam_2018_02_19_17_06_36_939.jpg;0;0.6850929;0;1.497367;100.4565;86.86846;1.245478;58.60578;-0.0005439823
IMG/robocam_2018_02_19_17_06_36_991.jpg;0;0.536407;0;1.518969;100.5048;86.94692;1.247744;58.5976;-0.0004434003
IMG/robocam_2018_02_19_17_06_37_046.jpg;0;0.3835179;0;1.541651;100.5536;87.0261;1.238774;58.58825;-0.0004183934
IMG/robocam_2018_02_19_17_06_37_092.jpg;0;0.2168171;0;1.556748;100.5862;87.07898;1.219973;58.58193;-0.0003683801
IMG/robocam_2018_02_19_17_06_37_138.jpg;0;0.07672;0;1.561426;100.6187;87.13166;1.18552;58.57563;-0.0003170313
IMG/robocam_2018_02_19_17_06_37_201.jpg;0;0;0;1.561331;100.667;87.21007;1.102602;58.56641;-0.0002281599
IMG/robocam_2018_02_19_17_06_37_243.jpg;0;0;0;1.557187;100.699;87.26194;1.02927;58.56044;-0.0001392676
IMG/robocam_2018_02_19_17_06_37_294.jpg;0;0;0;1.554045;100.7466;87.33923;0.8989825;58.5518;0.0002209678
IMG/robocam_2018_02_19_17_06_37_343.jpg;0;0;0;1.549293;100.7782;87.39047;0.8020334;58.5472;0.002737359
IMG/robocam_2018_02_19_17_06_37_407.jpg;0;0;0;1.546092;100.8409;87.49252;0.5935127;58.54254;0.01622929
IMG/robocam_2018_02_19_17_06_37_447.jpg;-3.786535;0.1893268;0;1.539616;100.8731;87.54285;0.4896634;58.36764;0.001121993
IMG/robocam_2018_02_19_17_06_37_499.jpg;-6.22452;0.311226;0;1.540679;100.9066;87.5928;0.3927389;58.02027;359.9609
IMG/robocam_2018_02_19_17_06_37_549.jpg;-9.329696;0.4664848;0;1.545909;100.9594;87.66715;0.270128;57.17912;359.8516
IMG/robocam_2018_02_19_17_06_37_599.jpg;-12.28032;0.6140159;0;1.560418;100.9966;87.71641;0.2048124;56.43089;359.7506
IMG/robocam_2018_02_19_17_06_37_650.jpg;-15;0.767031;0;1.573465;101.0559;87.78969;0.1348745;55.00667;359.5555
IMG/robocam_2018_02_19_17_06_37_703.jpg;-12.01176;0.9164429;0;1.60009;101.0968;87.83957;0.1188357;54.13125;359.4377
IMG/robocam_2018_02_19_17_06_37_751.jpg;-8.776381;1;0;1.627367;101.1599;87.91701;0.1488706;53.11029;359.3032
IMG/robocam_2018_02_19_17_06_37_811.jpg;-5.952001;1;0;1.672646;101.2251;87.99742;0.2346358;52.37419;359.2165
IMG/robocam_2018_02_19_17_06_37_853.jpg;-2.354164;1;0;1.717721;101.2692;88.053;0.3152887;52.10427;359.2
IMG/robocam_2018_02_19_17_06_37_903.jpg;0.1846218;1;0;1.74704;101.3133;88.11024;0.4002903;52.03871;359.2308
IMG/robocam_2018_02_19_17_06_37_951.jpg;0;1;0;1.77628;101.3803;88.19792;0.5137176;52.03535;359.3416
IMG/robocam_2018_02_19_17_06_38_005.jpg;0;1;0;1.821736;101.4262;88.25748;0.5915682;52.04108;359.4374
IMG/robocam_2018_02_19_17_06_38_076.jpg;0;1;0;1.852163;101.5208;88.37975;0.7923701;52.05389;359.6409
IMG/robocam_2018_02_19_17_06_38_155.jpg;0;0.8935027;0;1.940593;101.6191;88.50647;1.055489;52.07117;359.8452
IMG/robocam_2018_02_19_17_06_38_210.jpg;0;0.760669;0;1.966539;101.6942;88.60358;1.256067;52.08765;-0.002110449
IMG/robocam_2018_02_19_17_06_38_257.jpg;0;0.597379;0;1.999017;101.7454;88.66769;1.344647;52.07011;0.02265661
IMG/robocam_2018_02_19_17_06_38_309.jpg;-2.856359;0.454561;0;2.015399;101.8225;88.76171;1.325201;51.8254;0.0002484345
IMG/robocam_2018_02_19_17_06_38_357.jpg;-5.904243;0.3021668;0;2.037736;101.8741;88.82359;1.259411;51.45737;0.002180611
IMG/robocam_2018_02_19_17_06_38_406.jpg;-8.86086;0.154336;0;2.044447;101.9536;88.91417;1.132425;50.5356;359.9707
IMG/robocam_2018_02_19_17_06_38_458.jpg;-11.79462;0.007647753;0;2.043779;102.0079;88.9725;1.02229;49.70559;359.9053
IMG/robocam_2018_02_19_17_06_38_513.jpg;-14.94864;0;0;2.037333;102.0917;89.05589;0.8133751;48.09663;359.7286
IMG/robocam_2018_02_19_17_06_38_559.jpg;-15;0;0;2.025259;102.1485;89.10948;0.6542308;46.96296;359.5801
IMG/robocam_2018_02_19_17_06_38_613.jpg;-15;0;0;2.019056;102.235;89.18714;0.3946562;45.26017;359.3229
IMG/robocam_2018_02_19_17_06_38_658.jpg;-15;0.160473;0;2.009789;102.2936;89.23725;0.2154241;44.13039;359.1332
IMG/robocam_2018_02_19_17_06_38_713.jpg;-15;0.2949332;0;2.007619;102.3831;89.31052;359.9485;42.44341;358.8447
IMG/robocam_2018_02_19_17_06_38_759.jpg;-15;0.4593902;0;2.01157;102.444;89.35997;359.8424;41.37695;358.7314
IMG/robocam_2018_02_19_17_06_38_809.jpg;-15;0.5994033;0;2.016038;102.5389;89.43613;359.8925;39.87751;358.7594
IMG/robocam_2018_02_19_17_06_38_858.jpg;-15;0.7483381;0;2.028127;102.6054;89.48592;0.004458886;38.78351;358.8182
IMG/robocam_2018_02_19_17_06_38_910.jpg;-12.03594;0.8965412;0;2.048518;102.7078;89.55856;0.1148275;37.21553;358.95
IMG/robocam_2018_02_19_17_06_38_961.jpg;-8.988361;1;0;2.085191;102.7779;89.60665;0.1728237;36.34439;359.0514
IMG/robocam_2018_02_19_17_06_39_012.jpg;-5.867944;1;0;2.116199;102.8857;89.67995;0.2874508;35.4302;359.2145
IMG/robocam_2018_02_19_17_06_39_062.jpg;-2.848978;1;0;2.161303;102.9593;89.73011;0.3932524;35.06184;359.3308
IMG/robocam_2018_02_19_17_06_39_114.jpg;0;1;0;2.189877;103.0712;89.80816;0.5911314;34.91189;359.5353
IMG/robocam_2018_02_19_17_06_39_163.jpg;0;1;0;2.231691;103.1472;89.86133;0.7448094;34.897;359.6718
IMG/robocam_2018_02_19_17_06_39_215.jpg;0;1;0;2.259881;103.2633;89.94258;0.9985669;34.90253;359.873
IMG/robocam_2018_02_19_17_06_39_264.jpg;0;1;0;2.302191;103.342;89.99773;1.178024;34.91327;0.004095511
IMG/robocam_2018_02_19_17_06_39_319.jpg;0;1;0;2.330423;103.462;90.07923;1.37987;34.88272;0.05748904
IMG/robocam_2018_02_19_17_06_39_365.jpg;3.250079;1;0;2.372514;103.5409;90.13335;1.379945;35.04523;0.02844611
IMG/robocam_2018_02_19_17_06_39_420.jpg;6.003356;1;0;2.397071;103.6577;90.2184;1.291663;35.73555;359.9939
IMG/robocam_2018_02_19_17_06_39_469.jpg;9.29796;1;0;2.450563;103.7737;90.30981;1.236767;36.8373;0.06148519
IMG/robocam_2018_02_19_17_06_39_521.jpg;12.27258;1;0;2.489465;103.8502;90.37363;1.195492;37.81236;0.1403334
IMG/robocam_2018_02_19_17_06_39_570.jpg;9.131641;1;0;2.513071;103.9654;90.47131;1.107247;39.17306;0.2238839
IMG/robocam_2018_02_19_17_06_39_672.jpg;4.079282;1;0;2.586466;104.1602;90.63938;0.9480375;40.62172;0.2912421
IMG/robocam_2018_02_19_17_06_39_721.jpg;0.09924173;1;0;2.630217;104.2403;90.70814;0.9196562;40.81332;0.3003686
IMG/robocam_2018_02_19_17_06_39_779.jpg;0;1;0;2.657784;104.3627;90.81288;0.9175436;40.88086;0.2978484
IMG/robocam_2018_02_19_17_06_39_829.jpg;0;1;0;2.698935;104.4875;90.91975;0.9577481;40.87816;0.2811749
IMG/robocam_2018_02_19_17_06_39_880.jpg;0;1;0;2.740031;104.572;90.99191;0.9956791;40.86106;0.2527085
IMG/robocam_2018_02_19_17_06_39_932.jpg;0;1;0;2.767045;104.7006;91.10175;1.072816;40.83708;0.1951364
IMG/robocam_2018_02_19_17_06_39_982.jpg;0;1;0;2.808912;104.7875;91.17596;1.133692;40.81839;0.1459721
IMG/robocam_2018_02_19_17_06_40_057.jpg;0;1;0;2.836326;104.9641;91.32678;1.281644;40.78056;0.03494906
IMG/robocam_2018_02_19_17_06_40_131.jpg;0;1;0;2.91761;105.1429;91.48096;1.393379;40.7767;-0.003480957
IMG/robocam_2018_02_19_17_06_40_195.jpg;0;1;0;2.945562;105.278;91.59747;1.383831;40.76324;-0.001729823
IMG/robocam_2018_02_19_17_06_40_283.jpg;-6.1257;1;0;3.01811;105.4636;91.75198;1.352952;40.13147;0.0006885469
IMG/robocam_2018_02_19_17_06_40_335.jpg;-3.116877;1;0;3.043715;105.6063;91.86868;1.352368;39.57053;-0.0001303969
IMG/robocam_2018_02_19_17_06_40_383.jpg;-0.07475853;1;0;3.084417;105.7024;91.94768;1.363556;39.39586;-0.001484973
IMG/robocam_2018_02_19_17_06_40_454.jpg;0;1;0;3.137136;105.8971;92.10755;1.377277;39.28836;-0.001921386
IMG/robocam_2018_02_19_17_06_40_534.jpg;0;1;0;3.165858;106.0955;92.26955;1.380941;39.2633;-0.002521873
IMG/robocam_2018_02_19_17_06_40_586.jpg;0;1;0;3.219459;106.2467;92.39272;1.387982;39.25654;-0.002308481
IMG/robocam_2018_02_19_17_06_40_635.jpg;0;1;0;3.259749;106.3486;92.47556;1.388427;39.25223;-0.002179203
IMG/robocam_2018_02_19_17_06_40_691.jpg;0;1;0;3.28675;106.503;92.601;1.391463;39.24441;-0.001813149
IMG/robocam_2018_02_19_17_06_40_734.jpg;0;1;0;3.326809;106.6071;92.68538;1.391495;39.23652;-0.001704101
IMG/robocam_2018_02_19_17_06_40_787.jpg;0;1;0;3.353659;106.7648;92.81318;1.396495;39.22253;-0.001607386
IMG/robocam_2018_02_19_17_06_40_836.jpg;0;1;0;3.393539;106.8711;92.89918;1.399123;39.21383;-0.001144932
IMG/robocam_2018_02_19_17_06_40_937.jpg;0;1;0;3.446616;107.1403;93.11692;1.403636;39.18642;-0.001497702
IMG/robocam_2018_02_19_17_06_40_990.jpg;0;1;0;3.486189;107.3044;93.24951;1.407913;39.16962;-0.001512116
IMG/robocam_2018_02_19_17_06_41_064.jpg;0;1;0;3.525639;107.4703;93.38352;1.409508;39.15401;-0.001164419
IMG/robocam_2018_02_19_17_06_41_139.jpg;0;1;0;3.59172;107.6945;93.56444;1.415408;39.12915;-0.001647912
IMG/robocam_2018_02_19_17_06_41_184.jpg;0;1;0;3.617306;107.8079;93.65585;1.416749;39.11903;-0.001195221
IMG/robocam_2018_02_19_17_06_41_242.jpg;0;1;0;3.643951;107.9794;93.79413;1.421402;39.09993;-0.001570947
IMG/robocam_2018_02_19_17_06_41_321.jpg;0;1;0;3.708689;108.2111;93.98067;1.423957;39.07547;-0.00168603
IMG/robocam_2018_02_19_17_06_41_386.jpg;-2.525883;1;0;3.734031;108.4471;94.16834;1.427919;38.74468;-0.0006492296
IMG/robocam_2018_02_19_17_06_41_457.jpg;-4.292042;1;0;3.797649;108.6277;94.30865;1.42352;38.15866;0.0004115925
IMG/robocam_2018_02_19_17_06_41_539.jpg;-2.149322;1;0;3.823335;108.872;94.49696;1.421239;37.5645;-0.001406331
IMG/robocam_2018_02_19_17_06_41_609.jpg;-9.072725;1;0;3.897413;109.1231;94.68217;1.395022;36.3828;359.9674
IMG/robocam_2018_02_19_17_06_41_658.jpg;-6.931086;1;0;3.920774;109.251;94.77322;1.359792;35.64219;359.9297
IMG/robocam_2018_02_19_17_06_41_711.jpg;-4.00255;1;0;3.946199;109.4449;94.90968;1.286365;34.78942;359.8824
IMG/robocam_2018_02_19_17_06_41_794.jpg;-7.207632;1;0;3.984739;109.7095;95.08736;1.144221;33.48158;359.7609
IMG/robocam_2018_02_19_17_06_41_861.jpg;-14.17375;1;0;4.053365;109.9134;95.21423;0.9745565;31.93166;359.5936
IMG/robocam_2018_02_19_17_06_41_910.jpg;-12.07945;1;0;4.062804;110.1212;95.33554;0.7256823;30.08296;359.4012
IMG/robocam_2018_02_19_17_06_41_962.jpg;-9.217629;1;0;4.097589;110.262;95.41392;0.540511;28.96871;359.2563
IMG/robocam_2018_02_19_17_06_42_012.jpg;-6.087906;1;0;4.12148;110.4762;95.52938;0.2520864;27.70372;359.048
IMG/robocam_2018_02_19_17_06_42_104.jpg;-3.13267;1;0;4.157471;110.7679;95.68144;359.9248;26.7305;358.8352
IMG/robocam_2018_02_19_17_06_42_148.jpg;0;1;0;4.203627;110.9921;95.79807;359.8983;26.48837;358.8548
IMG/robocam_2018_02_19_17_06_42_206.jpg;0;1;0;4.230612;111.2212;95.91579;0.01182444;26.41519;358.9735
IMG/robocam_2018_02_19_17_06_42_277.jpg;0;1;0;4.283129;111.4532;96.03267;0.1335723;26.39567;359.0794
IMG/robocam_2018_02_19_17_06_42_356.jpg;0;1;0;4.306714;111.7669;96.18945;0.3495824;26.39919;359.2329
IMG/robocam_2018_02_19_17_06_42_411.jpg;0;1;0;4.353831;112.0048;96.30828;0.5392622;26.41393;359.3695
IMG/robocam_2018_02_19_17_06_42_509.jpg;0;1;0;4.412744;112.4061;96.50893;0.8914475;26.45253;359.6264
IMG/robocam_2018_02_19_17_06_42_580.jpg;5.905623;1;0;4.458992;112.6482;96.63361;1.121826;26.88131;359.8421
IMG/robocam_2018_02_19_17_06_42_670.jpg;5.737495;1;0;4.50279;113.0516;96.84828;1.433684;28.3484;0.1396864
IMG/robocam_2018_02_19_17_06_42_719.jpg;2.609818;1;0;4.535577;113.2126;96.93343;1.435961;28.81905;0.1412019
IMG/robocam_2018_02_19_17_06_42_770.jpg;0;1;0;4.556224;113.4545;97.06188;1.349913;29.26614;0.06428058
IMG/robocam_2018_02_19_17_06_42_820.jpg;0;1;0;4.603288;113.6161;97.15011;1.304693;29.39185;0.05348293
IMG/robocam_2018_02_19_17_06_42_873.jpg;0;1;0;4.626432;113.8596;97.2847;1.256774;29.44983;0.06240677
IMG/robocam_2018_02_19_17_06_42_927.jpg;0;1;0;4.661191;114.105;97.42105;1.231654;29.44421;0.07470651
IMG/robocam_2018_02_19_17_06_42_973.jpg;0;1;0;4.695887;114.2698;97.5127;1.226817;29.42625;0.07819004
IMG/robocam_2018_02_19_17_06_43_103.jpg;0;1;0;4.718955;114.7697;97.7906;1.26372;29.34864;0.05109328
IMG/robocam_2018_02_19_17_06_43_172.jpg;0;1;0;4.810688;115.1077;97.9781;1.325013;29.2897;8.609408E-05
IMG/robocam_2018_02_19_17_06_43_217.jpg;0;1;0;4.833427;115.2778;98.07293;1.361488;29.27336;-0.002350569
IMG/robocam_2018_02_19_17_06_43_288.jpg;0;1;0;4.878839;115.6206;98.26392;1.441462;29.24462;-0.002155874
IMG/robocam_2018_02_19_17_06_43_328.jpg;0;1;0;4.901646;115.7932;98.35996;1.482615;29.22903;-0.002041683
IMG/robocam_2018_02_19_17_06_43_381.jpg;0;1;0;4.92443;115.9668;98.45635;1.523549;29.21202;-0.001928716
IMG/robocam_2018_02_19_17_06_43_429.jpg;0;1;0;4.947193;116.2281;98.60125;1.543578;29.18227;-0.002145031
IMG/robocam_2018_02_19_17_06_43_479.jpg;0;1;0;4.983042;116.403;98.69804;1.525193;29.16037;-0.002049516
IMG/robocam_2018_02_19_17_06_43_532.jpg;0;1;0;5.006972;116.6634;98.84197;1.357132;29.11836;-0.001025136
IMG/robocam_2018_02_19_17_06_43_581.jpg;0;1;0;4.972766;116.8378;98.93819;1.281137;29.09553;-0.001373905
IMG/robocam_2018_02_19_17_06_43_676.jpg;0;1;0;5.013103;117.275;99.17911;1.157484;29.03434;-0.000891308
IMG/robocam_2018_02_19_17_06_43_728.jpg;0;1;0;5.005228;117.4502;99.27558;1.133153;28.999;-0.0003714108
IMG/robocam_2018_02_19_17_06_43_776.jpg;0;1;0;4.995723;117.7137;99.42049;1.123852;28.96808;-0.001115029
IMG/robocam_2018_02_19_17_06_43_847.jpg;0;1;0;5.003087;118.0655;99.61371;1.147834;28.91955;-0.0007024231
IMG/robocam_2018_02_19_17_06_43_888.jpg;0;1;0;4.992564;118.2418;99.71043;1.174386;28.90225;-0.001264171
IMG/robocam_2018_02_19_17_06_43_938.jpg;0;1;0;5.014548;118.4183;99.80711;1.209211;28.88567;-0.001425372
IMG/robocam_2018_02_19_17_06_43_987.jpg;0;0.853693;0;5.01798;118.6826;99.95179;1.257657;28.84604;-0.000941619
IMG/robocam_2018_02_19_17_06_44_118.jpg;0;0.705256;0;4.99618;119.2113;100.2404;1.320002;28.79159;-0.001519853
IMG/robocam_2018_02_19_17_06_44_188.jpg;0;0.2072531;0;4.997859;119.562;100.4313;1.284064;28.74184;-0.001203803
IMG/robocam_2018_02_19_17_06_44_230.jpg;0;0.101254;0;4.994998;119.7366;100.5263;1.22883;28.72236;-0.0011171
IMG/robocam_2018_02_19_17_06_44_301.jpg;2.158206;0;0;4.978571;119.9971;100.6679;1.096002;28.72029;-0.0009211767
IMG/robocam_2018_02_19_17_06_44_344.jpg;4.285383;0;0;4.973327;120.1693;100.7627;0.975065;28.88355;0.0115864
IMG/robocam_2018_02_19_17_06_44_397.jpg;6.804664;0;0;4.962667;120.4245;100.9071;0.7480603;29.47308;0.09892539
IMG/robocam_2018_02_19_17_06_44_446.jpg;9.943979;0;0;4.945706;120.6754;101.0549;0.4729529;30.46953;0.2789382
IMG/robocam_2018_02_19_17_06_44_495.jpg;12.9153;0;0;4.92752;120.8397;101.1561;0.2644601;31.36803;0.4641548
IMG/robocam_2018_02_19_17_06_44_544.jpg;9.933958;0;0;4.913934;121.002;101.259;0.04000936;32.27145;0.6809211
IMG/robocam_2018_02_19_17_06_44_599.jpg;12.88655;0;0;4.902181;121.2422;101.4177;359.7569;33.74245;1.045323
IMG/robocam_2018_02_19_17_06_44_687.jpg;15;0;0;4.880742;121.6402;101.6927;359.6975;36.49837;1.387418
IMG/robocam_2018_02_19_17_06_44_758.jpg;15;0;0;4.839363;121.8759;101.8647;359.8553;38.44545;1.374708
IMG/robocam_2018_02_19_17_06_44_890.jpg;10.53834;0;0;4.81184;122.3936;102.2887;359.9418;42.34724;1.116221
IMG/robocam_2018_02_19_17_06_44_991.jpg;2.901056;0;0;4.745734;122.7415;102.6089;359.9377;43.73293;1.088887
IMG/robocam_2018_02_19_17_06_45_043.jpg;6.882112;0;0;4.721442;122.8778;102.7396;359.9662;44.1944;1.093724
IMG/robocam_2018_02_19_17_06_45_093.jpg;10.01819;0;0;4.708543;123.0772;102.9392;0.008830127;45.25967;1.170441
IMG/robocam_2018_02_19_17_06_45_138.jpg;13.02125;0;0;4.689745;123.2066;103.0733;359.9816;46.23371;1.199357
IMG/robocam_2018_02_19_17_06_45_191.jpg;15;0;0;4.677462;123.3967;103.2776;359.981;47.93697;1.173732
IMG/robocam_2018_02_19_17_06_45_243.jpg;15;0;0;4.650959;123.5189;103.4175;0.01300369;49.19008;1.202778
IMG/robocam_2018_02_19_17_06_45_315.jpg;15;0;0;4.625759;123.7543;103.7004;359.9806;51.8386;1.140645
IMG/robocam_2018_02_19_17_06_45_359.jpg;12.87558;0;0;4.60666;123.8658;103.8459;359.9779;53.09795;1.163179
IMG/robocam_2018_02_19_17_06_45_407.jpg;15;0;0;4.590643;124.0256;104.0689;0.008972521;55.07298;1.275442
IMG/robocam_2018_02_19_17_06_45_456.jpg;15;0;0;4.569761;124.1276;104.2189;359.9883;56.42259;1.325824
IMG/robocam_2018_02_19_17_06_45_512.jpg;15;0;0;4.554127;124.276;104.4467;0.004372975;58.4673;1.298923
IMG/robocam_2018_02_19_17_06_45_557.jpg;15;0;0;4.527514;124.3691;104.6012;0.02225983;59.83982;1.311326
IMG/robocam_2018_02_19_17_06_45_610.jpg;15;0;0;4.509712;124.5023;104.8341;359.9723;61.95134;1.251702
IMG/robocam_2018_02_19_17_06_45_659.jpg;15;0;0;4.495305;124.5851;104.9927;359.9933;63.33162;1.243589
IMG/robocam_2018_02_19_17_06_45_711.jpg;12.02761;0;0;4.472707;124.703;105.232;359.9924;65.20107;1.182064
IMG/robocam_2018_02_19_17_06_45_801.jpg;8.924046;0;0;4.454493;124.8479;105.555;359.9905;67.15898;1.111838
IMG/robocam_2018_02_19_17_06_45_872.jpg;1.39992;0;0;4.413648;124.9831;105.8804;359.9794;68.24805;1.094188
IMG/robocam_2018_02_19_17_06_45_952.jpg;0;0;0;4.403269;125.1147;106.2058;359.975;68.56088;1.038817
IMG/robocam_2018_02_19_17_06_46_054.jpg;6.940076;0;0;4.371736;125.2691;106.6139;359.9729;69.52654;1.083845
IMG/robocam_2018_02_19_17_06_46_104.jpg;2.965915;0;0;4.355245;125.329;106.7772;359.981;69.96413;1.090835
IMG/robocam_2018_02_19_17_06_46_157.jpg;0;0;0;4.345347;125.4188;107.0213;359.9908;70.25841;1.042571
IMG/robocam_2018_02_19_17_06_46_256.jpg;0;0;0;4.320186;125.5655;107.4265;359.9578;70.37412;0.9503322
IMG/robocam_2018_02_19_17_06_46_357.jpg;0;0;0;4.295938;125.7101;107.8292;359.8875;70.38228;0.8146479
IMG/robocam_2018_02_19_17_06_46_429.jpg;0;0;0;4.271901;125.8248;108.1495;359.8069;70.37873;0.6806675
IMG/robocam_2018_02_19_17_06_46_472.jpg;2.134445;0;0;4.262244;125.8811;108.3092;359.7591;70.47006;0.6259204
IMG/robocam_2018_02_19_17_06_46_523.jpg;4.730945;0;0;4.25262;125.9361;108.469;359.7184;70.73476;0.5881635
IMG/robocam_2018_02_19_17_06_46_572.jpg;7.761004;0;0;4.24223;126.0144;108.7093;359.6614;71.55835;0.6064701
IMG/robocam_2018_02_19_17_06_46_626.jpg;10.68264;0;0;4.225469;126.0868;108.9505;359.6218;72.8395;0.7202208
IMG/robocam_2018_02_19_17_06_46_672.jpg;13.98336;0;0;4.207263;126.1312;109.1122;359.627;73.93729;0.8402347
IMG/robocam_2018_02_19_17_06_46_724.jpg;11.22276;0;0;4.192984;126.1742;109.2749;359.692;75.00388;0.9352871
IMG/robocam_2018_02_19_17_06_46_777.jpg;8.114648;0;0;4.182745;126.2355;109.5206;359.8862;76.3066;1.028275
IMG/robocam_2018_02_19_17_06_46_827.jpg;11.28607;0;0;4.163086;126.289;109.7664;0.06800862;77.79539;1.169512
IMG/robocam_2018_02_19_17_06_46_878.jpg;14.24497;0;0;4.141207;126.3213;109.9282;0.06852942;79.01564;1.212443
IMG/robocam_2018_02_19_17_06_46_959.jpg;15;0;0;4.133137;126.3757;110.2487;359.8842;81.66034;1.169446
IMG/robocam_2018_02_19_17_06_47_019.jpg;15;0;0;4.105062;126.405;110.4916;359.887;83.60474;1.173523
IMG/robocam_2018_02_19_17_06_47_093.jpg;15;0;0;4.080108;126.4302;110.8167;0.01000628;86.34013;1.218934
IMG/robocam_2018_02_19_17_06_47_168.jpg;8.402702;0;0;4.042448;126.4449;111.1377;359.9648;88.68648;1.109978
IMG/robocam_2018_02_19_17_06_47_219.jpg;6.017461;0;0;4.029216;126.4473;111.2981;359.9525;89.48816;1.085536
IMG/robocam_2018_02_19_17_06_47_264.jpg;2.955301;0;0;4.019056;126.4482;111.4583;359.9463;90.02841;1.068256
IMG/robocam_2018_02_19_17_06_47_322.jpg;0.2199054;0;0;4.009386;126.4485;111.698;359.9398;90.38501;1.021319
IMG/robocam_2018_02_19_17_06_47_411.jpg;3.63307;0;0;3.995312;126.4424;112.0957;359.9312;91.10727;1.011177
IMG/robocam_2018_02_19_17_06_48_040.jpg;8.971567;0;0;3.971432;126.3383;113.3453;359.9742;97.64194;1.13742
IMG/robocam_2018_02_19_17_06_48_125.jpg;12.66078;0;0;3.870446;126.2716;113.7255;0.002085909;100.6551;1.186863
IMG/robocam_2018_02_19_17_06_48_173.jpg;9.715319;0;0;3.85682;126.2416;113.8761;0.01293214;101.7532;1.120843
IMG/robocam_2018_02_19_17_06_48_223.jpg;6.807296;0;0;3.840965;126.1913;114.0992;359.9655;103.0395;1.083333
IMG/robocam_2018_02_19_17_06_48_293.jpg;1.726921;0;0;3.823611;126.138;114.3215;359.9485;103.7836;1.040092
IMG/robocam_2018_02_19_17_06_48_377.jpg;-0.3951645;0;0;3.814833;126.0663;114.6167;359.9176;104.0361;0.9467972
IMG/robocam_2018_02_19_17_06_48_430.jpg;-5.400903;0;0;3.79725;126.0154;114.8373;359.8671;103.6062;0.7970375
IMG/robocam_2018_02_19_17_06_48_477.jpg;-8.570881;0;0;3.782587;125.9842;114.9843;359.8173;102.9845;0.6349357
IMG/robocam_2018_02_19_17_06_48_528.jpg;-11.43018;0;0;3.771667;125.9431;115.2048;359.7234;101.5537;0.2713377
IMG/robocam_2018_02_19_17_06_48_578.jpg;-14.45473;0;0;3.75357;125.9204;115.3516;359.6529;100.3073;359.9403
IMG/robocam_2018_02_19_17_06_48_689.jpg;-12.8739;0;0;3.725209;125.868;115.7934;359.6326;96.35944;358.8717
IMG/robocam_2018_02_19_17_06_48_730.jpg;-8.411636;0;0;3.700001;125.8529;115.942;359.7516;95.32166;358.6356
IMG/robocam_2018_02_19_17_06_48_788.jpg;-5.864096;0;0;3.690624;125.8293;116.1658;0.01801014;94.07355;358.5922
IMG/robocam_2018_02_19_17_06_48_890.jpg;-0.1938558;0;0;3.663804;125.7957;116.5289;359.9541;93.08881;359.0108
IMG/robocam_2018_02_19_17_06_48_991.jpg;5.84748;0;0;3.640448;125.7685;116.888;359.7453;93.79288;359.4487
IMG/robocam_2018_02_19_17_06_49_068.jpg;9.805262;0;0;3.626344;125.7381;117.1723;359.5579;95.40829;359.9775
IMG/robocam_2018_02_19_17_06_49_143.jpg;15;0;0;3.587952;125.6958;117.4537;359.4399;97.90552;0.6710331
IMG/robocam_2018_02_19_17_06_49_224.jpg;15;0;0;3.558656;125.644;117.7351;359.5858;100.5628;1.272035
IMG/robocam_2018_02_19_17_06_49_277.jpg;15;0;0;3.545645;125.6153;117.8761;359.7601;101.9841;1.44371
IMG/robocam_2018_02_19_17_06_49_326.jpg;15;0;0;3.533107;125.5681;118.086;0.04403144;104.2302;1.497929
IMG/robocam_2018_02_19_17_06_49_393.jpg;15;0;0;3.513739;125.5154;118.2877;0.001630761;106.4877;1.383862
IMG/robocam_2018_02_19_17_06_49_463.jpg;8.84388;0;0;3.491393;125.4333;118.5517;359.9514;108.7553;1.10835
IMG/robocam_2018_02_19_17_06_49_545.jpg;6.721623;0;0;3.461601;125.3382;118.81;359.9304;110.2385;1.005574
IMG/robocam_2018_02_19_17_06_49_594.jpg;11.57622;0;0;3.444186;125.2863;118.9367;359.9209;111.1777;1.041674
IMG/robocam_2018_02_19_17_06_49_666.jpg;15;0;0;3.419909;125.1737;119.1858;359.9687;113.7049;1.199932
IMG/robocam_2018_02_19_17_06_49_748.jpg;12.852;0;0;3.409169;125.0559;119.4298;359.9776;116.2072;1.142888
IMG/robocam_2018_02_19_17_06_49_803.jpg;7.998061;0;0;3.389229;124.962;119.6087;359.9598;117.6471;1.085505
IMG/robocam_2018_02_19_17_06_49_854.jpg;4.702921;0;0;3.375991;124.8977;119.7268;359.9573;118.3173;1.056965
IMG/robocam_2018_02_19_17_06_49_904.jpg;1.604519;0;0;3.368511;124.801;119.9035;359.9523;118.8449;0.991173
IMG/robocam_2018_02_19_17_06_50_010.jpg;0;0;0;3.349531;124.6399;120.1958;359.9055;119.0573;0.8573897
IMG/robocam_2018_02_19_17_06_50_066.jpg;0;0;0;3.338217;124.5435;120.3699;359.8627;119.0736;0.7633373
IMG/robocam_2018_02_19_17_06_50_106.jpg;0;0;0;3.327019;124.4793;120.4855;359.8269;119.0772;0.6984507
IMG/robocam_2018_02_19_17_06_50_208.jpg;0;0;0;3.312086;124.3196;120.7733;359.7308;119.0763;0.5159915
IMG/robocam_2018_02_19_17_06_50_268.jpg;-4.006076;0;0;3.300991;124.2266;120.9462;359.6568;118.7161;0.3457504
IMG/robocam_2018_02_19_17_06_50_359.jpg;-5.308013;0;0;3.278192;124.0795;121.2362;359.5179;117.3384;359.9062
IMG/robocam_2018_02_19_17_06_50_410.jpg;-2.104855;0;0;3.266612;124.0208;121.352;359.4876;116.9755;359.7681
IMG/robocam_2018_02_19_17_06_50_461.jpg;0;0;0;3.258966;123.9322;121.5253;359.4658;116.7633;359.6146
IMG/robocam_2018_02_19_17_06_50_541.jpg;0;0;0;3.24258;123.8146;121.756;359.4676;116.7145;359.4666
IMG/robocam_2018_02_19_17_06_50_591.jpg;0;0;0;3.230919;123.756;121.8712;359.4819;116.7141;359.417
IMG/robocam_2018_02_19_17_06_50_642.jpg;0;0;0;3.223136;123.668;122.0438;359.5297;116.7267;359.3874
IMG/robocam_2018_02_19_17_06_50_691.jpg;0;0;0;3.211389;123.6097;122.1587;359.5656;116.7326;359.3794
IMG/robocam_2018_02_19_17_06_50_739.jpg;0;0;0;3.203592;123.5224;122.3307;359.6282;116.7443;359.3968
IMG/robocam_2018_02_19_17_06_50_794.jpg;0;0;0;3.192334;123.4647;122.4449;359.6587;116.7463;359.4089
IMG/robocam_2018_02_19_17_06_50_843.jpg;3.328085;0;0;3.185199;123.3764;122.6145;359.6858;117.051;359.4871
IMG/robocam_2018_02_19_17_06_50_892.jpg;6.202805;0;0;3.173663;123.316;122.7261;359.6912;117.5015;359.5887
IMG/robocam_2018_02_19_17_06_50_946.jpg;3.202751;0;0;3.164965;123.2254;122.8925;359.6892;118.0862;359.7457
IMG/robocam_2018_02_19_17_06_50_992.jpg;0.006065369;0;0;3.154549;123.1657;123.0033;359.6823;118.261;359.8317
IMG/robocam_2018_02_19_17_06_51_078.jpg;0;0;0;3.147614;123.0471;123.2241;359.6546;118.3546;359.9869
IMG/robocam_2018_02_19_17_06_51_149.jpg;0;0;0;3.126437;122.9289;123.4435;359.6112;118.3685;0.1270261
IMG/robocam_2018_02_19_17_06_51_195.jpg;0;0;0;3.119386;122.8703;123.5531;359.5984;118.3626;0.1729528
IMG/robocam_2018_02_19_17_06_51_247.jpg;0;0;0;3.112088;122.7823;123.7169;359.5791;118.3575;0.2356131
IMG/robocam_2018_02_19_17_06_51_298.jpg;0;0;0;3.10116;122.7238;123.8261;359.5802;118.3482;0.2534177
IMG/robocam_2018_02_19_17_06_51_348.jpg;0;0;0;3.093637;122.6362;123.9891;359.5702;118.3446;0.2860534
IMG/robocam_2018_02_19_17_06_51_424.jpg;0;0;0;3.083137;122.5199;124.2058;359.5734;118.3345;0.2903142
IMG/robocam_2018_02_19_17_06_51_475.jpg;0;0;0;3.06875;122.4619;124.3136;359.5683;118.3335;0.2921839
IMG/robocam_2018_02_19_17_06_51_552.jpg;0;0;0;3.054504;122.3463;124.5289;359.5727;118.3254;0.264504
IMG/robocam_2018_02_19_17_06_51_603.jpg;2.45508;0;0;3.047605;122.2584;124.6886;359.5658;118.5473;0.2824096
IMG/robocam_2018_02_19_17_06_51_653.jpg;5.537102;0;0;3.03685;122.1984;124.794;359.5726;118.9194;0.3155913
IMG/robocam_2018_02_19_17_06_51_706.jpg;8.505899;0;0;3.028098;122.1051;124.9494;359.5836;119.933;0.4454826
IMG/robocam_2018_02_19_17_06_51_754.jpg;11.66358;0;0;3.014095;122.0404;125.0507;359.5918;120.887;0.5905452
IMG/robocam_2018_02_19_17_06_51_807.jpg;14.58426;0;0;3.002698;121.9387;125.1994;359.6514;122.7465;0.8569546
IMG/robocam_2018_02_19_17_06_51_856.jpg;15;0;0;2.98377;121.8687;125.2975;359.7533;124.0323;1.014168
IMG/robocam_2018_02_19_17_06_51_908.jpg;15;0;0;2.974338;121.7597;125.4427;0.003525898;125.9919;1.199534
IMG/robocam_2018_02_19_17_06_51_974.jpg;15;0;0;2.957283;121.6499;125.5812;0.04502344;128.0532;1.240782
IMG/robocam_2018_02_19_17_06_52_087.jpg;8.875858;0;0;2.93572;121.4244;125.8447;359.8419;131.0614;1.005234
IMG/robocam_2018_02_19_17_06_52_133.jpg;4.296005;0;0;2.920756;121.3465;125.9309;359.8245;131.6614;0.9288204
IMG/robocam_2018_02_19_17_06_52_183.jpg;1.474679;0;0;2.914056;121.2298;126.0598;359.8007;132.1038;0.7923932
IMG/robocam_2018_02_19_17_06_52_233.jpg;0;0;0;2.903986;121.1522;126.1454;359.7771;132.2132;0.6990268
IMG/robocam_2018_02_19_17_06_52_290.jpg;0;0;0;2.897352;121.0362;126.2732;359.7325;132.2629;0.559919
IMG/robocam_2018_02_19_17_06_52_335.jpg;-3.310375;0;0;2.887661;120.96;126.3589;359.6962;132.0968;0.4390789
IMG/robocam_2018_02_19_17_06_52_386.jpg;-6.1092;0;0;2.880099;120.8487;126.4891;359.6325;131.4234;0.1899094
IMG/robocam_2018_02_19_17_06_52_436.jpg;-9.149938;0;0;2.86767;120.7769;126.5772;359.5857;130.7059;359.973
IMG/robocam_2018_02_19_17_06_52_487.jpg;-6.155877;0;0;2.857695;120.6699;126.7095;359.5389;129.7394;359.6708
IMG/robocam_2018_02_19_17_06_52_538.jpg;-9.20904;0;0;2.847255;120.6001;126.7991;359.5389;128.9971;359.4652
IMG/robocam_2018_02_19_17_06_52_640.jpg;-14.39616;0;0;2.822992;120.4018;127.0771;359.7955;125.7456;358.8521
IMG/robocam_2018_02_19_17_06_52_741.jpg;-8.333223;0;0;2.797622;120.2428;127.3129;0.1614327;123.4318;358.8313
IMG/robocam_2018_02_19_17_06_52_820.jpg;-2.269986;0;0;2.77758;120.1226;127.4968;0.05683494;122.4225;359.0839
IMG/robocam_2018_02_19_17_06_52_872.jpg;0;0;0;2.770716;120.0641;127.5891;359.976;122.275;359.188
IMG/robocam_2018_02_19_17_06_52_920.jpg;-3.161223;0;0;2.764627;119.9784;127.7283;359.8701;121.9366;359.3148
IMG/robocam_2018_02_19_17_06_52_970.jpg;-6.035163;0;0;2.755016;119.9231;127.822;359.8048;121.5107;359.3612
IMG/robocam_2018_02_19_17_06_53_061.jpg;-9.046204;0;0;2.747634;119.7931;128.0596;359.675;119.6455;359.3258
IMG/robocam_2018_02_19_17_06_53_132.jpg;-15;0;0;2.72032;119.7229;128.2053;359.6256;117.8905;359.1715
IMG/robocam_2018_02_19_17_06_53_175.jpg;-12.90018;0;0;2.709662;119.6773;128.3036;359.6512;116.7276;359.0934
IMG/robocam_2018_02_19_17_06_53_226.jpg;-10.25298;0;0;2.702316;119.6098;128.453;359.8033;115.2716;359.06
IMG/robocam_2018_02_19_17_06_53_277.jpg;-7.21482;0;0;2.689347;119.5666;128.5532;359.9168;114.4699;359.0374
IMG/robocam_2018_02_19_17_06_53_326.jpg;-4.15992;0;0;2.682992;119.5027;128.7028;0.04571146;113.6704;359.0216
IMG/robocam_2018_02_19_17_06_53_378.jpg;-1.184399;0;0;2.674824;119.4602;128.8017;0.09443659;113.3959;359.041
IMG/robocam_2018_02_19_17_06_53_428.jpg;-4.276257;0;0;2.669661;119.3991;128.9496;0.1183987;112.8778;359.052
IMG/robocam_2018_02_19_17_06_53_476.jpg;-7.2735;0;0;2.660493;119.3607;129.0482;0.1027852;112.3278;359.0332
IMG/robocam_2018_02_19_17_06_53_528.jpg;-4.389002;0;0;2.653216;119.3044;129.1955;0.05032767;111.6211;359.0133
IMG/robocam_2018_02_19_17_06_53_582.jpg;-1.252742;0;0;2.644917;119.2478;129.342;359.9815;111.2735;359.0312
IMG/robocam_2018_02_19_17_06_53_628.jpg;1.938536;0;0;2.636457;119.2091;129.4391;359.9348;111.2965;359.0825
IMG/robocam_2018_02_19_17_06_53_679.jpg;4.795854;0;0;2.629957;119.149;129.5831;359.8516;111.7615;359.2283
IMG/robocam_2018_02_19_17_06_53_730.jpg;7.8159;0;0;2.61939;119.1071;129.6778;359.7893;112.3343;359.378
IMG/robocam_2018_02_19_17_06_53_805.jpg;10.87044;0;0;2.610999;119.0175;129.8632;359.6508;114.114;359.8226
IMG/robocam_2018_02_19_17_06_53_905.jpg;12.85008;0;0;2.579317;118.8948;130.0872;359.5171;117.0685;0.5705425
IMG/robocam_2018_02_19_17_06_54_008.jpg;6.827695;0;0;2.559772;118.7683;130.3123;359.6915;119.0468;1.026666
IMG/robocam_2018_02_19_17_06_54_076.jpg;2.846639;0;0;2.548775;118.6912;130.4495;359.9791;119.658;1.078982
IMG/robocam_2018_02_19_17_06_54_147.jpg;4.902599;0;0;2.527327;118.5865;130.6254;0.146119;120.6797;1.039929
IMG/robocam_2018_02_19_17_06_54_209.jpg;2.756524;0;0;2.523513;118.5086;130.754;0.1109317;121.2044;0.929534
IMG/robocam_2018_02_19_17_06_54_280.jpg;0;0;0;2.511121;118.405;130.9241;0.02676637;121.3755;0.7736325
IMG/robocam_2018_02_19_17_06_54_363.jpg;0;0;0;2.50561;118.3019;131.0932;359.9219;121.3947;0.611375
IMG/robocam_2018_02_19_17_06_54_412.jpg;-4.904401;0;0;2.494548;118.2522;131.1783;359.8604;121.1327;0.4856594
IMG/robocam_2018_02_19_17_06_54_464.jpg;-7.879558;0;0;2.486725;118.1813;131.3072;359.7582;120.2642;0.219276
IMG/robocam_2018_02_19_17_06_54_534.jpg;-2.661896;0;0;2.472135;118.1105;131.4355;359.6613;119.625;359.9759
IMG/robocam_2018_02_19_17_06_54_585.jpg;-0.484736;0;0;2.467134;118.0384;131.5628;359.5844;119.4209;359.8009
IMG/robocam_2018_02_19_17_06_54_636.jpg;0;0;0;2.458632;117.9903;131.6476;359.5476;119.3825;359.7069
IMG/robocam_2018_02_19_17_06_54_688.jpg;0;0;0;2.45246;117.9179;131.7747;359.5233;119.3784;359.608
IMG/robocam_2018_02_19_17_06_54_740.jpg;0;0;0;2.443283;117.8456;131.9018;359.5195;119.3861;359.5389
IMG/robocam_2018_02_19_17_06_54_789.jpg;-3.10338;0;0;2.434239;117.7986;131.9869;359.5256;119.2276;359.4807
IMG/robocam_2018_02_19_17_06_54_844.jpg;-6.101096;0;0;2.427409;117.731;132.1157;359.5491;118.5932;359.3515
IMG/robocam_2018_02_19_17_06_54_943.jpg;-0.7606173;0;0;2.410263;117.6175;132.33;359.6537;117.9955;359.276
IMG/robocam_2018_02_19_17_06_54_993.jpg;0;0;0;2.40134;117.5718;132.4153;359.7087;117.9514;359.2895
IMG/robocam_2018_02_19_17_06_55_085.jpg;0;0;0;2.395514;117.4588;132.6276;359.8059;117.9311;359.3322
IMG/robocam_2018_02_19_17_06_55_155.jpg;0;0;0;2.37694;117.3916;132.7541;359.8412;117.9301;359.3718
IMG/robocam_2018_02_19_17_06_55_273.jpg;0;0;0;2.369049;117.2583;133.0051;359.8652;117.9296;359.476
IMG/robocam_2018_02_19_17_06_55_375.jpg;0;0;0;2.353317;117.1482;133.2125;359.8499;117.9307;359.5849
IMG/robocam_2018_02_19_17_06_55_452.jpg;0;0;0;2.340205;117.0608;133.3773;359.8174;117.9305;359.6768
IMG/robocam_2018_02_19_17_06_55_504.jpg;0;0;0;2.334985;116.9957;133.5002;359.7836;117.9302;359.746
IMG/robocam_2018_02_19_17_06_55_554.jpg;0;0;0;2.327156;116.9524;133.5819;359.7577;117.9301;359.7916
IMG/robocam_2018_02_19_17_06_55_604.jpg;0;0;0;2.321937;116.8875;133.7042;359.7219;117.9322;359.8649
IMG/robocam_2018_02_19_17_06_55_655.jpg;0;0;0;2.313983;116.8445;133.7854;359.6959;117.9323;359.9104
IMG/robocam_2018_02_19_17_06_55_730.jpg;0;0;0;2.308766;116.7588;133.9474;359.641;117.9323;-0.005017392
IMG/robocam_2018_02_19_17_06_55_806.jpg;0;0;0;2.29296;116.6735;134.1089;359.6034;117.9259;0.05136822
IMG/robocam_2018_02_19_17_06_55_854.jpg;0;0;0;2.287487;116.631;134.1895;359.5923;117.922;0.06968457
IMG/robocam_2018_02_19_17_06_55_907.jpg;0;0;0;2.282136;116.5673;134.3101;359.5807;117.919;0.09213287
IMG/robocam_2018_02_19_17_06_55_958.jpg;0;0;0;2.274148;116.5248;134.3902;359.572;117.9186;0.1059025
IMG/robocam_2018_02_19_17_06_56_012.jpg;0;0;0;2.268985;116.4615;134.5104;359.5734;117.9129;0.1074048
